"X","Y","name","class","generationmw","generatornumber"
146.248964079,-41.282616047,"Paloona","Renewable",28,1
146.902997533,-41.1428963559999,"Bell Bay (Bell Bay Three)","Non Renewable",115,3
147.1118721,-41.422632968,"Trevallyn","Renewable",80,4
146.919167801,-41.811484386,"Poatina","Renewable",100,6
146.620699328,-42.253702238,"Lake Echo","Renewable",32.4,1
141.954728672,-38.283516227,"Codrington Wind Farm","Renewable",18.2,14
142.015130942,-38.307938481,"Yambuk Wind Farm","Renewable",30,20
142.184360247,-38.064804309,"Macarthur Wind Farm","Renewable",420,140
142.667478911,-38.063169322,"Mortlake","Non Renewable",566,2
144.894197,-37.841462,"Newport","Non Renewable",500,1
145.118722,-37.9501999999999,"Claytons","Renewable",11,11
145.139635,-37.9732969999999,"Springvale","Renewable",4.2,6
145.269949677,-38.05345276,"Hallam Road","Renewable",8.984,2
146.342783,-38.177015,"Yallourn","Non Renewable",1480,4
146.424923,-38.274626,"Jeeralang B","Non Renewable",228,3
146.426296,-38.275325,"Jeeralang A","Non Renewable",204,4
146.574569,-38.2535999999999,"Loy Yang A","Non Renewable",2180,4
146.58637,-38.256447,"Loy Yang B","Non Renewable",1000,2
146.589166,-38.253622,"Valley Power (Peaking Facility)","Non Renewable",300,6
147.563929505,-37.842859499,"Bairnsdale","Non Renewable",94,2
145.999461532,-36.009409822,"Yarrawonga","Renewable",9,2
147.032622269,-36.106618538,"Hume","Renewable",70,2
140.403311288,-37.76025336,"Canunda Wind Farm","Renewable",46,23
140.415557539,-37.664550618,"Snuggery","Non Renewable",63,3
138.581758,-34.8474629999999,"Dry Creek","Non Renewable",156,3
138.521322,-34.806844,"Torrens Island A","Non Renewable",480,4
138.52262,-34.805171,"Torrens Island B","Non Renewable",800,4
143.889193755,-37.831699812,"Mt Mercer Wind Farm","Renewable",131,NA
143.60373023,-37.3574621769999,"Waubra Wind Farm","Renewable",192,128
143.113971102,-37.389789024,"Challicum Hills Wind Farm","Renewable",52.5,35
145.378983344,-36.321775163,"Shepparton Biogas Generation Plant","Renewable",1.1,NA
147.520579928,-36.55642936,"Dartmouth (Mount Beauty Hydro Scheme)","Renewable",150,1
147.459378113,-36.534396821,"Banimboola","Renewable",12.85,2
146.392105999,-36.912936854,"Lake William Hovell","Renewable",2,1
145.921452358,-37.2220053349999,"Eildon","Renewable",120,4
144.788711,-37.84158,"Laverton North","Non Renewable",312,2
146.64696,-42.507695,"Repulse","Renewable",28,1
145.982832162,-42.740518138,"Gordon","Renewable",432,3
145.534476782,-42.154834584,"John Butters","Renewable",144,1
145.65381993,-41.812870292,"Tribute","Renewable",82.8,1
145.532112,-41.735983,"Bastyan","Renewable",79.9,1
145.13594835,-41.72376958,"Reece","Renewable",238,2
145.646118575,-41.699749738,"Mackintosh","Renewable",79.9,1
146.134909,-41.478738,"Cethana","Renewable",85,1
146.125073,-41.483312,"Wilmot","Renewable",81.6,1
146.263167,-41.350467,"Devils Gate","Renewable",60,1
149.576904971,-35.0590024599999,"Woodlawn Bioreactor","Renewable",7,7
150.551485,-34.8819779999999,"West Nowra (Shoalhaven)","Renewable",1,1
148.291684576,-35.611217729,"Tumut 3","Renewable",1500,6
151.642954,-32.8885329999999,"Summerhill","Renewable",2.2,2
149.14582,-35.395304,"Mugga Lane","Renewable",3.5,3
150.973882,-34.048146,"Lucas Heights II","Renewable",16,11
151.002072,-34.029302,"Lucas Heights I","Renewable",5.39,5
148.305516589,-35.561965103,"Jounama","Renewable",14,1
150.742689,-34.0734399999999,"Jacks Gully","Renewable",2.3,2
149.386125743,-34.697734469,"Gunning","Renewable",47,31
150.831233,-33.702938,"Grange Avenue","Renewable",2,1
121.77778,-33.89271,"Esperance Wind Farm Nine Mile Beach","Renewable",3.6,6
150.861683,-33.812515,"Eastern Creek 2","Renewable",8.984,7
150.853701699,-33.814156962,"Eastern Creek","Renewable",5.4,4
149.54248,-34.5165,"Crookwell Wind Farm","Renewable",4.8,8
149.518568626,-35.1660306209999,"Capital Hill Wind Farm","Renewable",140,67
148.583393,-35.0025199999999,"Burrinjuck Power Station","Renewable",27,3
151.549719,-33.02503,"Awaba","Renewable",1.1,1
138.507884,-34.7980209999999,"Osborne","Non Renewable",180,2
138.505325,-34.7649719999999,"Pelican Point","Non Renewable",478,3
138.522352,-34.779284,"Quarantine","Non Renewable",224,5
139.024570177,-34.5034425929999,"Angaston","Non Renewable",50,30
138.910931499,-34.00102479,"Waterloo Wind Farm","Renewable",111,37
137.705777764,-35.110350449,"Wattle Point Wind Farm","Renewable",90.75,55
138.7383,-33.9030999999999,"Mintaro","Non Renewable",90,1
138.732331658,-33.339733579,"Hallett 1 Brown Hill  Wind Farm","Renewable",94.5,45
138.751659,-33.348652,"Hallett","Non Renewable",228.3,12
138.855159763,-33.522602435,"Hallett 2 Hallet Hill  Wind Farm","Renewable",71.4,34
135.804423826,-34.7003344409999,"Port Lincoln","Non Renewable",73.5,3
135.585172,-34.850861,"Cathedral Rocks Wind Farm","Renewable",66,33
130.866587,-12.554993,"Channel Island","Non Renewable",310,9
130.950223556,-12.577132223,"Weddell","Non Renewable",86,2
128.738325,-16.120132,"Ord River","Renewable",30,4
116.307428299,-33.446357404,"Muja D","Non Renewable",454,2
115.78054,-33.1632499999999,"Kemerton","Non Renewable",260.9,2
115.820403,-31.556798,"Pinjar","Non Renewable",576,9
115.376753983,-30.488190995,"Emu Downs Wind Farm","Renewable",79.2,48
116.261165,-33.342181,"Collie A","Non Renewable",340,1
116.229,-33.331,"Collie (Bluewaters)","Non Renewable",416,2
115.918647,-32.916017,"Wagerup","Non Renewable",380,4
115.766121,-32.2225319999999,"Kwinana Cogeneration","Non Renewable",123,2
115.775376854,-32.1972954349999,"Kwinana High Efficiency Gas Turbine Plant","Non Renewable",200,2
115.775152131,-32.1979528959999,"Kwinana A","Non Renewable",240,2
115.774702186,-32.1992293929999,"Kwinana C","Non Renewable",184,2
115.773679,-32.200119,"Cockburn","Non Renewable",240,2
121.506543,-30.73781,"Kalgoorlie (Parkeston)","Non Renewable",110,3
118.456568473,-31.543177414,"Collgar Wind Farm","Renewable",206,111
118.226997859,-31.542313846,"Merredin","Non Renewable",82,2
115.117698864,-28.8893112919999,"Mungarra","Non Renewable",112,3
114.648482,-28.7701069999999,"Geraldton","Non Renewable",21,1
117.613266999,-23.223260102,"Paraburdoo","Non Renewable",155,4
116.721904,-20.6479849999999,"Dampier","Non Renewable",120,3
116.742,-20.7619999999999,"Yurralyi Maya (Karratha Seven Mile)","Non Renewable",180,4
145.546167,-38.603736,"Wonthaggi Wind Farm","Renewable",12,6
114.9281583,-28.9228511709999,"Walkaway Wind Farm","Renewable",90,54
149.400129582,-34.80498162,"Cullerin Range Wind Farm","Renewable",30,15
138.14017352,-33.7139559409999,"Snowtown Wind Farm North","Renewable",148,47
141.385044,-38.357655,"Cape Bridgewater Wind Farm","Renewable",58,29
145.314186118,-23.552451837,"Barcaldine (Len Wishaw)","Non Renewable",37,1
144.686919,-40.720674,"Bluff Point (Woolnorth) Wind Farm","Renewable",65,37
144.736204,-40.7787539999999,"Studland Bay (Woolnorth) Wind Farm","Renewable",75,25
145.783725,-35.604347,"The Drop","Renewable",3,1
151.244202,-29.3886259999999,"Pindari","Renewable",6.7,2
146.262883046,-42.2685867229999,"Nieterana","Renewable",2.2,1
142.546724791,-37.687059501,"Oakland Hills Wind Farm","Renewable",67,32
145.235026,-36.479261,"Tatura Biogas Generation Plant","Renewable",1.1,NA
148.633250107,-36.4351496749999,"Jindabyne Dam Mini Hydro","Renewable",1.1,1
138.729595542,-33.309259942,"North Brown Hill  Wind Farm","Renewable",132.3,63
138.119175192,-33.508567709,"Clements Gap Wind Farm","Renewable",57,27
148.947306,-33.980989,"Wyangala A","Renewable",20,1
149.19821,-33.62189,"Blayney Wind Farm","Renewable",9.9,15
149.571605779,-35.086059701,"Woodlawn Wind Farm","Renewable",48,23
153.327607,-27.733449,"Rocky Point Sugar Sugar Mill","Renewable",30,1
136.703895751,-33.625509716,"Mount Millar Wind Farm","Renewable",70,35
140.419499076,-37.814894018,"Lake Bonney Stage 2 Wind Farm","Renewable",159,53
117.797695,-35.0641469999999,"Albany Wind Farm","Renewable",21.6,12
144.590179,-37.937488,"Wyndham","Renewable",1,1
145.048704,-37.582957,"Wollert","Renewable",6.738,2
152.823743,-27.659014,"Whitwood Road","Renewable",1,1
146.344132,-38.6450599999999,"Toora Wind Farm","Renewable",21,12
152.659295,-27.6801639999999,"Ti Tree Bioenergy","Renewable",3.3,NA
146.392263,-38.2731029999999,"Hazelwood","Non Renewable",1600,8
147.16571257,-38.223581704,"Longford","Non Renewable",31,6
144.855322,-38.391631,"Mornington","Renewable",1,1
145.86052,-37.32722,"Rubicon","Renewable",13.55,1
144.953077,-37.6318219999999,"Somerton","Non Renewable",160,4
144.944365,-37.8297939999999,"Symex Port Melbourne","Non Renewable",5.9,NA
147.228033995,-36.80546098,"Bogong (Mount Beauty Hydro Scheme)","Renewable",300,8
147.220466,-36.7852809999999,"Clover","Renewable",30,2
147.234542,-36.858394,"McKay Creek (Mount Beauty Hydro Scheme)","Renewable",150,6
147.186048,-36.7600659999999,"West Kiewa (Mount Beauty Hydro Scheme)","Renewable",62,2
148.136247,-36.2423439999999,"Murray 2","Renewable",552,4
148.190095,-36.2467129999999,"Murray 1","Renewable",950,10
141.6208504,-38.39759342,"Cape Sir William Grant Wind Farm","Renewable",54,27
141.543,-38.411999951,"Cape Nelson South Wind Farm","Renewable",44,22
141.542959,-38.3676369999999,"Cape Nelson North Wind Farm","Renewable",22,11
143.846918,-37.559607,"Ballarat Base Hospital","Non Renewable",3,NA
144.182789,-38.3860559999999,"Anglesea","Non Renewable",165,1
147.155425,-41.395049,"Remount","Renewable",2.2,2
146.534709,-42.427176,"Wayatinah","Renewable",38.3,3
146.456543,-42.2966709999999,"Tungatinah","Renewable",125,5
146.793785,-41.9707319999999,"Tods Corner","Renewable",1.7,1
146.457156,-42.301208,"Tarraleah","Renewable",90,6
146.845676,-42.6111989999999,"Meadowbank","Renewable",40,1
146.50989,-42.376317,"Liapootah","Renewable",87.3,3
146.681162321,-42.50642303,"Cluny","Renewable",17,1
146.597686664,-42.4523811459999,"Catagunya","Renewable",48,2
146.261758099,-42.26689751,"Butlers Gorge","Renewable",14.4,1
146.217592858,-41.7295230789999,"Rowallan","Renewable",10.5,1
145.526109462,-42.0147199429999,"Lower Lake Margaret","Renewable",3.2,1
146.139022,-41.603763,"Lemonthyme","Renewable",81.6,1
145.543699,-42.004567,"Upper Lake Margaret","Renewable",8.4,7
146.268683946,-41.673192587,"Fisher","Renewable",43.2,1
146.903636243,-41.140124704,"Tamar Valley","Non Renewable",390,5
147.401591,-19.6421549999999,"Inkerman Sugar Mill","Renewable",10.5,2
149.159097,-21.1445659999999,"Mackay","Non Renewable",30,1
148.840199,-26.5772009999999,"Roma","Non Renewable",80,2
152.814452112,-27.660065457,"Swanbank B","Non Renewable",480,4
153.03435,-27.338768,"Roghan Road","Renewable",2,1
153.123634,-27.559117,"Rochedale","Renewable",4,4
149.215912,-21.4282229999999,"Plane Creek Sugar Mill","Renewable",14,2
153.066346,-27.672131,"Browns Plains","Renewable",2.2,2
144.831876,-37.817967,"Brooklyn","Renewable",2.83,2
145.266461,-38.119702,"Berwick","Renewable",7.2,2
144.966319,-37.687786,"Broadmeadows","Renewable",12.2,7
146.413722,-38.25456,"Energy Brix","Non Renewable",195,5
146.801085,-37.9047449999999,"Lake Glenmaggie","Renewable",4,2
145.5306,-17.5921999999999,"Windy Hill Wind Farm","Renewable",12,20
138.143238,-35.567765,"Starfish Hill Wind Farm","Renewable",34.5,23
147.330801,-19.557465,"Pioneer Sugar Mill","Renewable",67.8,2
147.950655405,-21.896655256,"Moranbah North","Non Renewable",45.7,15
145.603362,-17.831284,"Koombooloomba","Renewable",7.3,1
147.106526,-19.516697,"Invicta Sugar Mill","Renewable",150,3
152.609153,-27.395212,"Wivenhoe","Renewable",4.7,1
138.711226,-34.839323,"Terminal Storage","Renewable",2.5,1
152.698102,-26.226125,"Suncoast Gold Macadamia","Renewable",1.5,1
128.40308,-16.716157,"Argyle Diamond Mine","Non Renewable",32,NA
119.732,-22.3989999999999,"Christmas Creek Iron Ore Mine","Non Renewable",58,NA
120.577613,-26.371212,"Jundee Gold Mine","Non Renewable",21,6
121.32929,-28.923754,"Murrin Murrin (Nickel Mine)","Non Renewable",78,3
119.450757,-25.311002,"Plutonic Gold Mine","Non Renewable",28,4
122.439284535,-29.092683436,"Sunrise Dam","Non Renewable",28.4,24
120.251884,-26.631568,"Wiluna Gold Mine","Non Renewable",21,3
117.613674438,-23.2238235419999,"Paraburdoo (Standby)","Non Renewable",20,3
122.209103,-21.712911,"Telfer Gold Mine","Non Renewable",159,3
138.765864,-34.550857,"Amcor Gawler","Non Renewable",4,NA
138.491006821,-35.1096685539999,"Lonsdale","Non Renewable",20,18
138.502094,-35.202321,"Pedler Creek","Renewable",3,3
138.557247,-34.83482,"Wingfield I","Renewable",5,5
138.548903,-34.832081,"Wingfield II","Renewable",5,5
140.782692,-37.456673,"Ladbroke Grove","Non Renewable",80,2
137.78188,-32.539279,"Playford B","Non Renewable",240,4
137.788204203,-32.5432541879999,"Northern","Non Renewable",530,2
130.919476,-12.4261759999999,"Berrimah","Non Renewable",10,1
152.817938156,-27.6553743109999,"Swanbank E","Non Renewable",385,1
152.6320276,-27.372221394,"Wivenhoe Hydroelectric","Renewable",500,2
145.646495,-16.850199,"Barron Gorge","Renewable",60,2
150.905336915,-27.110934028,"Braemar 1","Non Renewable",504,3
150.904878261,-27.112811268,"Braemar 2","Non Renewable",519,3
150.270014465,-26.6682222119999,"Condamine A","Non Renewable",144,3
150.943005459,-27.086319967,"Daandine","Non Renewable",33,11
148.551497,-22.928147,"German Creek","Non Renewable",45.2,16
151.218653,-23.8507529999999,"Gladstone","Non Renewable",1680,6
152.208556,-25.1939859999999,"Isis Central Sugar Mill","Renewable",25,4
147.415237,-19.5223389999999,"Kalamia Sugar Mill","Renewable",9,1
145.577865,-17.7670019999999,"Kareeya","Renewable",88,5
150.749283333,-26.917683333,"Kogan Creek","Non Renewable",744,1
151.278949,-27.961542,"Millmerran","Non Renewable",856,2
148.024647162,-21.9851302079999,"Moranbah","Non Renewable",12.56,NA
146.851170546,-19.337998351,"Mount Stuart","Non Renewable",423,2
151.679705348,-27.418340164,"Oakey","Non Renewable",282,2
148.581702,-22.9877759999999,"Oaky Creek","Non Renewable",20,16
150.319466,-23.50972,"Stanwell","Non Renewable",1460,4
151.917164,-26.785767,"Tarong","Non Renewable",15,1
151.9146017,-26.775762588,"Tarong North","Non Renewable",443,1
151.91527317,-26.782357507,"Tarong","Non Renewable",1400,4
146.618707,-19.2010559999999,"Townsville","Non Renewable",220,2
151.15193,-23.8306449999999,"Yarwun","Non Renewable",154,NA
146.257961,-18.5890429999999,"Macknade Sugar Mill","Renewable",8,2
146.201627,-18.6508039999999,"Victoria Sugar Mill","Renewable",24,3
150.618181,-24.3449459999999,"Callide C","Non Renewable",840,2
150.619749,-24.3448799999999,"Callide B","Non Renewable",700,2
150.627973,-24.3340249999999,"Callide A","Non Renewable",30,4
147.804887,-20.544682,"Collinsville","Non Renewable",190,5
122.204602,-17.9810269999999,"Broome","Non Renewable",39.6,17
116.782147,-20.6286489999999,"Burrup Peninsula (Karratha Gas Plant)","Non Renewable",240,NA
116.78015,-20.5936799999999,"Burrup Peninsula (Pluto Phase 1)","Non Renewable",160,NA
121.8998,-33.8762,"Esperance","Non Renewable",33,7
116.837473,-20.7625669999999,"Karratha","Non Renewable",86,2
115.779676,-32.1946349999999,"Kwinana (Alcoa Refinery)","Non Renewable",74.5,7
115.775945504,-32.197002637,"Kwinana","Non Renewable",21,1
115.772821,-32.2019799999999,"Kwinana NewGen","Non Renewable",320,1
115.778276905,-32.224258329,"Kwinana Swift","Non Renewable",120,4
115.802149,-31.6712499999999,"Neerabup","Non Renewable",330,7
119.708587,-23.344275,"Newman Iron Ore Mine","Non Renewable",170,4
115.946894,-32.647303,"Pinjarra Bauxite Mine and Alumina Refinery","Non Renewable",280,2
120.36,-33.61,"Ravensthorpe","Non Renewable",56,NA
115.916995,-32.9144949999999,"Wagerup Bauxite Mine and Alumina Refinery","Non Renewable",98,4
121.423355,-30.780635,"West Kalgoorlie","Non Renewable",60,2
118.5498,-20.4283,"Port Hedland","Non Renewable",126,3
117.832710977,-28.087084338,"Mount Magnet","Non Renewable",1.9,NA
121.484188,-30.8736689999999,"Kalgoorlie Nickel Smelter","Non Renewable",42,1
121.67408425,-31.191934794,"Kambalda","Non Renewable",42,1
120.698996322,-27.814121379,"Leinster Nickel Mine","Non Renewable",59,1
120.547979,-27.2145829999999,"Mount Keith Nickel Mine","Non Renewable",112,2
116.306183321,-33.4460465669999,"Muja C","Non Renewable",400,2
116.063737728,-33.2365458969999,"Worsley Cogeneration","Non Renewable",106,2
122.415029,-28.809649,"Laverton (Granny Smith Gold Mine)","Non Renewable",30.6,10
153.43411,-28.313802,"Condong Sugar Mill","Renewable",30,1
150.772181,-34.208185,"Appin (Mine)","Non Renewable",55.6,54
150.94913,-32.39527,"Bayswater","Non Renewable",2640,4
150.46687,-34.73369,"Bendeela (Shoalhaven Scheme)","Renewable",240,4
148.246272,-35.3986009999999,"Blowering","Renewable",70,1
153.433481,-29.011828,"Broadwater","Renewable",38,2
149.474042213,-36.595089768,"Brown Mountain","Renewable",4.95,5
151.481305,-32.789723,"Capral (Aluminium Smelter)","Non Renewable",300,3
151.544785,-33.209869,"Colongra","Non Renewable",724,4
150.031322308,-33.358892232,"Mt Piper","Non Renewable",1400,2
151.541837,-33.211691,"Munmorah","Non Renewable",600,2
152.741708,-29.925738,"Nymboida","Renewable",33.6,7
152.06897,-30.575119,"Oaky","Renewable",4.8,5
151.071936,-32.580206,"Redbank","Non Renewable",150,1
150.949466,-33.85004,"Smithfield Energy","Non Renewable",170.9,3
150.58077,-34.248233,"Tahmoor","Non Renewable",7,7
150.808056,-34.522778,"Tallawarra","Non Renewable",460,1
151.611907,-32.9454899999999,"Teralba","Non Renewable",3,4
151.717809142,-32.821651215,"Tomago Aluminium Smelter","Non Renewable",810,3
150.717941,-34.2206919999999,"Tower Mine","Non Renewable",41.2,40
148.36371,-35.9517289999999,"Tumut 1 (Upper Tumut)","Renewable",616,4
148.367217376,-35.881384102,"Tumut 2 (Upper Tumut)","Renewable",336,4
147.215692,-35.1793949999999,"Uranquinty","Non Renewable",664,4
151.543146,-33.160745,"Vales Point B","Non Renewable",1360,2
150.083345032,-33.402823634,"Wallerawang C","Non Renewable",500,2
150.596540611,-33.883242233,"Warragamba","Renewable",50,1
150.842907,-34.451537,"West Illawarra Leagues Club","Non Renewable",1,NA
150.83286,-34.051326,"Western Suburbs Leagues Club (Campbelltown)","Non Renewable",1,NA
149.107986,-32.664616,"Burrendong","Renewable",19,1
150.923462,-29.910198,"Copeton","Renewable",24,1
149.677153,-30.363437,"Wilga Park","Non Renewable",16,11
148.413528,-36.3500979999999,"Guthega","Renewable",80,2
150.491399,-30.8791889999999,"Lake Keepit","Renewable",6.5,1
141.420334,-31.986296,"Broken Hill","Non Renewable",50,2
151.520647915,-33.0620749239999,"Eraring","Non Renewable",2880,4
146.447946317,-38.180892774,"Maryvale Mill","Renewable",54.5,NA
117.763760904,-35.050650516,"Grasmere Wind Farm (Albany Stage II)","Renewable",13.8,6
145.926652487,-17.937317648,"Tully Sugar Mill","Renewable",21.4,NA
148.579716349,-20.3985447589999,"Proserpine Sugar Mill","Renewable",17,4
151.20539424,-33.8383815609999,"North Sydney","Non Renewable",0.8,1
151.209100028,-33.8715470019999,"Sydney","Non Renewable",0.8,1
151.206928197,-33.8398118869999,"North Sydney","Non Renewable",2.4,2
151.290804652,-33.67777003,"Blackmores","Non Renewable",0.8,2
151.196622737,-33.810964127,"Nine Network","Non Renewable",3.2,NA
151.013733214,-33.953439752,"Revesby Workers Club","Non Renewable",2.5,1
151.129381009,-33.974817383,"St George Leagues Club","Non Renewable",1,1
151.235352723,-33.916704282,"University of New South Wales","Non Renewable",0.8,1
151.042037,-33.820373,"EarthPower Biomass Plant","Renewable",3.9,NA
151.522330068,-33.061748753,"Eraring","Non Renewable",41.5,1
148.137052,-35.2959329999999,"Visy Pulp and Paper Tumut","Renewable",20,1
150.998154,-32.109661,"Glenbawn","Renewable",5.8,1
151.128627,-32.459843,"Glennies Creek","Non Renewable",13,13
151.450471,-32.836021,"Hunter","Non Renewable",29,16
150.966396,-32.3892529999999,"Hunter Valley","Non Renewable",50,2
150.47953,-34.72297,"Kangaroo Valley (Shoalhaven Scheme)","Renewable",160,2
150.97757,-32.3712669999999,"Liddell","Non Renewable",2200,4
130.925408,-12.389174,"Landfill Management Services Shoal Bay","Renewable",1.1,1
134.175285,-19.65493,"Tennant Creek","Non Renewable",16.7,NA
133.891175,-23.709109,"Ron Goodin","Non Renewable",44.6,NA
133.825487,-23.8636109999999,"Owen Springs","Non Renewable",36,3
133.828143,-23.881698,"Brewer","Non Renewable",8.5,3
130.991181,-25.232313,"Yulara","Non Renewable",10.95,NA
131.862362,-13.78561,"Pine Creek","Non Renewable",34.76,6
132.244506,-14.4586929999999,"Katherine","Non Renewable",34.7,NA
133.823587,-19.443393,"Warrego","Non Renewable",19,NA
145.991000416,-17.605685132,"South Johnstone","Renewable",20,NA
145.788711404,-17.0931655009999,"Mulgrave","Renewable",13,NA
140.757461919,-36.316432794,"Blue Lake Milling Power Plant","Non Renewable",1,1
140.736769358,-36.326556387,"Tatiara Meats","Non Renewable",0.5,1
126.643955229,-14.293855535,"Kalumburu","Non Renewable",0.7,5
123.041373843,-16.444417221,"Ardyaloon","Non Renewable",0.8,6
122.903589508,-16.51990769,"Djarindjin","Non Renewable",0.7,5
122.658508646,-16.9939000649999,"Beagle Bay","Non Renewable",0.7,5
121.784780931,-18.681627174,"Bidyadanga","Non Renewable",1.3,NA
115.208289215,-25.055693758,"Gascoyne Junction","Non Renewable",0.4,NA
120.218508926,-26.592159893,"Wiluna","Non Renewable",1.3,NA
116.683491618,-28.3375366339999,"Yalgoo","Non Renewable",0.4,1
113.675375406,-24.8691596789999,"Carnarvon","Non Renewable",15,13
113.709532804,-24.891051456,"Mungullah","Non Renewable",18,NA
114.133505648,-21.8126315,"Exmouth Advanced Mini Wind Farm","Renewable",0.06,3
116.068797494,-33.235493274,"Worsley","Non Renewable",120,4
114.169691779,-27.715246947,"Kalbarri PV System","Renewable",0.02,16
121.769038875,-33.880169063,"Esperance Wind Farm Ten Mile Lagoon","Renewable",2.03,9
116.308719509,-33.4468068319999,"Muja B","Non Renewable",120,NA
121.794333843,-32.1962648049999,"Norseman Mine","Non Renewable",9,NA
121.269766105,-27.897207161,"Darlot Gold Mine","Non Renewable",11.7,NA
118.537146964,-28.293313021,"Windimurra Vanadium Mine","Non Renewable",23.7,7
115.528913928,-31.9937519919999,"Rottnest Island Wind Turbine","Renewable",0.6,1
119.404016951,-22.3247102719999,"Cloudbreak","Non Renewable",44,18
118.538374345,-20.3781789609999,"Port Hedland","Non Renewable",84,2
115.877327088,-31.8653894019999,"Noranda","Renewable",1.1,1
116.099239677,-31.8316505829999,"Red Hill","Renewable",3.65,4
115.792443498,-31.957666656,"Shenton Park WMRC Project","Renewable",1,NA
115.998793327,-31.9767786159999,"Kalamunda","Non Renewable",1.3,1
115.891405691,-32.07389875,"Canning Vale","Renewable",4,1
116.012871548,-32.022750964,"Gosnells","Renewable",1.1,1
153.118466936,-27.445266809,"KRC Cogeneration Plant","Non Renewable",4.2,NA
144.968480123,-37.8085960029999,"Melbourne","Non Renewable",1.2,1
144.960650123,-37.8061182289999,"Carlton","Non Renewable",0.4,1
145.8974099,-37.243071761,"Eildon Small Hydro","Renewable",5,1
144.405575687,-38.058658877,"Corio","Renewable",1,1
145.278121544,-38.023178113,"South East Water Hallam Plant","Renewable",0.25,1
145.84577523,-37.302724591,"Lower Rubicon","Renewable",13.55,1
145.864526818,-37.373920676,"Royston","Renewable",0.9,1
145.847678708,-37.340086625,"Rubicon Falls","Renewable",0.3,1
144.12215301,-37.427135746,"Leonards Hill","Renewable",4.1,2
151.683889878,-30.4994106669999,"Box Hill","Renewable",25,NA
138.720283573,-34.849029023,"Highbury","Renewable",2,1
138.712850985,-34.830327068,"Tea Tree Gully","Renewable",1,1
138.49145908,-35.110395344,"Port Stanvac","Non Renewable",57.6,36
152.717096095,-25.547588005,"Maryborough","Renewable",7.5,NA
153.246302578,-27.73344896,"Stapylton Green Energy","Renewable",4.8,NA
119.391481424,-34.3990071549999,"Bremer Bay Wind Turbine","Renewable",0.6,1
119.388804331,-34.401828178,"Bremer Bay Diesel Backup","Non Renewable",1.3,1
113.772066779,-23.154419167,"Coral Bay Wind Turbines","Renewable",0.83,3
113.776179006,-23.152144318,"Coral Bay Diesel Backup","Non Renewable",2.24,8
113.54931095,-25.911523868,"Denham Wind Turbines","Renewable",0.92,4
113.533954528,-25.916724839,"Denham Diesel Backup","Non Renewable",1.6,3
115.771304958,-32.14241986,"Woodman Point","Renewable",1.8,3
115.800800123,-32.1650210189999,"Henderson","Renewable",3.2,3
115.726644853,-31.7077861289999,"Tamala Park","Renewable",4.65,NA
115.75895724,-32.5079182699999,"Mandurah","Renewable",1.3,NA
115.815388896,-32.286322513,"Rockingham","Renewable",2.1,NA
116.019314439,-32.266436159,"South Cardup (Shale Road Landfill)","Renewable",3.3,3
117.889484322,-27.4212477479999,"Cue","Non Renewable",0.8,1
119.294959299,-27.985269349,"Sandstone","Non Renewable",0.4,NA
120.111723359,-21.879501101,"Nullagine Solar Farm","Renewable",0.2,900
120.112862457,-21.879444146,"Nullagine Diesel Backup","Non Renewable",0.96,NA
119.741200006,-21.164344634,"Marble Bar Solar Farm","Renewable",0.3,1350
119.7418515,-21.164922927,"Marble Bar Diesel Backup","Non Renewable",1.28,NA
123.64414998,-17.3141410699999,"Derby","Non Renewable",12.53,NA
125.559711185,-18.195575048,"Fitzroy Crossing","Non Renewable",4.06,NA
127.661897022,-18.2327514799999,"Halls Creek","Non Renewable",3.69,NA
128.211319639,-17.0258835029999,"Warmun","Non Renewable",1.3,6
128.739461994,-15.779556779,"Kununurra","Non Renewable",12.4,1
122.396468044,-28.621623664,"Laverton","Non Renewable",1.5,1
114.124998124,-21.94645795,"Exmouth","Non Renewable",8,7
145.344969921,-17.1192921869999,"Tableland","Renewable",7,NA
150.803227307,-33.8182065889999,"Erskine Park","Non Renewable",0.4,1
151.747767775,-32.877281432,"Kooragang","Renewable",0.6,1
114.194551665,-27.8994985329999,"Kalbarri Wind Farm","Renewable",1.7,2
118.674721035,-21.1738833869999,"Wodgina","Non Renewable",13.7,4
128.03307638,-17.3630953589999,"Savannah Nickel Mine","Non Renewable",10.8,NA
118.483022029,-26.595171555,"Meekatharra","Non Renewable",2.9,NA
121.321274668,-28.881076376,"Leonora","Non Renewable",4.43,7
121.025177946,-29.6906018989999,"Menzies","Non Renewable",0.3,1
115.099024788,-21.6582215519999,"Onslow","Non Renewable",3.6,6
120.129934021,-33.905048923,"Hopetoun Diesel Backup","Non Renewable",1.3,NA
136.093459452,-16.4334982509999,"McArthur River Mine","Non Renewable",78,6
153.010137524,-27.494958561,"University of Queensland (St Lucia Campus) Solar Array","Renewable",1.2,5000
115.854780069,-31.9766627829999,"Perth Zoo","Renewable",2.37,755
144.894816826,-37.735278743,"Tulla Calder Interchange Solar Array","Renewable",0.24,210
143.952880534,-36.613499141,"Bridgewater Solar","Renewable",0.14,NA
145.132996105,-37.911787348,"Monash University (Clayton Campus) Solar Array","Renewable",0.18,420
144.956943777,-37.806943974,"Queen Victoria Market Solar Array","Renewable",0.25,1328
144.303238954,-36.6747524199999,"Bendigo Solar Park","Renewable",0.3,NA
138.588193513,-34.9452852549999,"Adelaide Showgrounds","Renewable",1,NA
138.537655536,-34.9386745529999,"Adelaide Airport","Renewable",0.11,NA
146.801054251,-19.307861026,"Townsville RSL Stadium Solar Array","Renewable",0.34,1800
152.790168322,-25.3183986029999,"Fraser Coast Community Solar Farm","Renewable",0.4,1584
153.367118286,-28.006274123,"Metricon (Gold Coast) Stadium Solar Array","Renewable",0.22,574
113.6741161,-24.897029119,"Carnarvon Solar Farm","Renewable",0.29,NA
151.727452491,-32.8834730039999,"CSIRO Energy Centre","Renewable",1.5,NA
151.053816128,-33.8412921,"Newington Solar Suburb","Renewable",0.67,NA
151.181208674,-32.592384507,"Singleton Solar Farm","Renewable",0.39,3500
151.133150431,-33.96517453,"Kogarah Town Square Solar Array","Renewable",0.16,NA
151.064039261,-33.8451780729999,"Stadium Australia","Renewable",0.14,NA
140.805695971,-37.83884533,"Mt Gambier","Renewable",10,NA
117.19158099,-32.9521179459999,"Narrogin Bioenergy Plant","Renewable",1,NA
153.115794557,-27.440513224,"Visy Paper Gibson Island","Renewable",2,1
139.490553264,-20.777599159,"Mica Creek","Non Renewable",325,10
138.619756953,-31.523392488,"Wilpena Solar Farm","Renewable",145,1260
142.252092201,-34.4154198489999,"Karadoc Solar Farm","Renewable",112,NA
143.891964593,-39.938785224,"King Island (Currie)","Renewable",8.55,9
118.724521674,-23.154648547,"West Angelas Mine","Non Renewable",86,2
140.915767499,-21.8601332879999,"Cannington Mine","Non Renewable",40,22
138.729943371,-33.394960204,"Hallett 1 Brown Hill  Wind Farm","Renewable",94.5,45
138.792831522,-33.38554626,"Hallet 5 - The Bluff","Renewable",52.5,45
138.85795056,-33.57166812,"Hallett 2 Hallet Hill  Wind Farm","Renewable",71.4,34
138.118443965,-33.8301639869999,"Snowtown Wind Farm South","Renewable",126,47
116.159015668,-21.076706138,"Cape Preston","Non Renewable",450,16
117.984863806,-22.158138794,"Solomon Iron Ore Mine","Non Renewable",125,NA
139.483267401,-20.783749577,"Diamantina","Non Renewable",242,6
120.129681184,-33.907763593,"Hopetoun Wind Turbines","Renewable",1.2,2
124.162085149,-18.027757492,"Camballin","Non Renewable",1.04,NA
121.163480916,-30.3808058079999,"Cawse Nickel Mine","Non Renewable",21,NA
142.261660233,-34.1013419229999,"Buronga","Non Renewable",150,NA
147.2550466,-42.8414631699999,"Glenorchy","Renewable",1.6,2
147.288829758,-42.888259513,"Hobart","Renewable",1,1
148.009738703,-40.779810675,"Musselroe","Renewable",168,56
131.500649819,-24.2509195879999,"Kings Canyon","Renewable",0.24,NA
149.099795144,-32.4146001629999,"Bodangora Wind Farm","Renewable",113,NA
141.391545512,-31.9867074269999,"Broken Hill Solar Plant","Renewable",53,NA
116.308108592,-33.4466710729999,"Muja A","Non Renewable",120,NA
149.126724584,-36.576310587,"Boco Rock","Renewable",113,NA
151.658529934,-29.962256425,"Ben Lomond","Renewable",200,NA
150.525822064,-34.902981059,"Bamarang","Non Renewable",320,NA
148.869557339,-34.6057778169999,"Bango Wind Farm","Renewable",200,NA
151.033243638,-33.919699598,"Bankstown Sports Club","Non Renewable",2,NA
148.987218387,-35.214189436,"Belconnen","Renewable",1,1
151.693612516,-32.964255376,"Charlestown Square","Non Renewable",2.8,1
150.990503812,-33.8381155499999,"Club Merrylands","Non Renewable",0.8,1
143.455319348,-35.676153948,"Gannawarra Solar Farm","Renewable",60,NA
144.240752974,-37.7281319049999,"Yaloak South Wind Farm","Renewable",131,NA
143.801944242,-38.258690853,"Mt Gellibrand Wind Farm","Renewable",189,NA
144.191303617,-37.654979059,"Moorabool North Wind Farm","Renewable",131,NA
144.162196454,-37.740232513,"Moorabool South Wind Farm","Renewable",131,NA
149.865184482,-34.431441169,"Taralga Wind Farm","Renewable",107,NA
148.718032991,-33.173281545,"Manildra Solar Farm","Renewable",46,NA
151.411940162,-29.699725864,"Sapphire Wind Farm","Renewable",270,NA
146.109415,-34.315532,"Griffith Solar Farm","Renewable",36,NA
142.745232087,-34.689897899,"Bannerton Solar Farm","Renewable",88,NA
142.545653689,-34.8026762979999,"Wemen Solar Farm","Renewable",110,NA
142.318190454,-36.433260789,"Murra Warra Wind Farm","Renewable",429,NA
148.074989925,-33.1027340759999,"Parkes Solar Farm","Renewable",66,NA
147.744933515,-20.487668368,"Hayman Solar Farm","Renewable",180,NA
139.486419475,-20.783467217,"Leichhardt","Non Renewable",60,1
153.136285792,-27.4035795529999,"Bulwer Island","Non Renewable",33,3
117.140731315,-20.6487706359999,"Cape Lambert","Non Renewable",105,3
132.131370997,-26.277960622,"Ernabella","Non Renewable",0.01,4
132.014656817,-26.4735559009999,"Umuwa","Renewable",0.35,10
131.793145723,-22.2425906239999,"Yuendumu","Renewable",0.24,10
130.629489653,-18.3265036669999,"Lajamanu","Renewable",0.29,12
142.660761503,-25.4126644259999,"Windorah","Renewable",0.13,5
133.87945391,-23.7149676079999,"DoubleTree by Hilton Hotel","Renewable",0.3,1326
133.897120812,-23.79656983,"Alice Springs Airport","Renewable",0.24,28
133.868210164,-23.7685173909999,"Uterne Solar","Renewable",1,3048
132.771928219,-23.937364579,"Hermannsburg","Renewable",0.19,8
143.785472912,-37.5143713649999,"Ballarat Solar Park","Renewable",0.3,2000
150.979667294,-32.376069145,"Liddell Solar Thermal","Renewable",9.3,1000
115.111937485,-28.904318062,"Greenough River Solar Farm","Renewable",10,NA
114.959887829,-28.991804878,"Mumbida Wind Farm","Renewable",55,22
147.08535195,-31.552740361,"Nyngan Solar Plant","Renewable",102,NA
129.536843572,-14.2601850049999,"Wadeye","Non Renewable",6.8,4
146.565432204,-38.179256895,"Traralgon Network Support Station","Renewable",10,NA
149.48411444,-34.6903750719999,"Gullen Range Wind Farm","Renewable",166,73
140.405791675,-37.78154577,"Lake Bonney Stage 1 Wind Farm","Renewable",80.5,46
140.393029168,-37.7504963179999,"Lake Bonney Stage 3 Wind Farm","Renewable",39,13
149.14347417,-35.489683632,"Royalla Solar Farm","Renewable",20,NA
130.47901408,-15.6561809569999,"Timber Creek","Non Renewable",1,NA
133.375854441,-16.2696345649999,"Daly Waters","Renewable",0.2,NA
133.539296643,-17.5503675539999,"Elliott","Non Renewable",1,NA
133.414627163,-22.124231745,"Ti-Tree","Renewable",0.3,NA
119.947186903,-22.4812377919999,"Roy Hill","Non Renewable",6,NA
149.86691786,-29.572175854,"Moree","Renewable",60,NA
149.459743325,-34.614916772,"Gullen Range Wind Farm","Renewable",165.5,73
142.465312871,-37.8413416669999,"Mortons Lane Wind Farm","Renewable",20,13
149.13440859,-21.1634509969999,"Racecourse Mill","Renewable",3.5,1
143.079430559,-37.238518142,"Ararat Wind Farm","Renewable",240,75
138.556216366,-33.042839057,"Hornsdale Wind Farm","Renewable",310,99
136.687238875,-12.1889387579999,"Nhulunbuy","Non Renewable",24,NA
136.420872975,-13.8584112529999,"Angurugu","Non Renewable",3.6,3
132.920896283,-12.6829025279999,"Ranger Mine","Non Renewable",30,NA
149.145993324,-35.3989062439999,"Mugga Lane Solar Park","Renewable",13,NA
147.048281214,-19.7329724649999,"Haughton River Solar Farm","Renewable",500,NA
147.80743876,-20.541079635,"Collinsville Solar Farm","Renewable",42,NA
147.77066064,-20.4947377779999,"Daydream Solar Farm","Renewable",50,NA
150.894157531,-27.1168616699999,"Darling Downs Solar Farm","Renewable",110,NA
150.894157531,-27.1168616699999,"Darling Downs","Non Renewable",644,4
147.210542044,-19.8397703909999,"Clare Solar Farm","Renewable",130,NA
147.9187653,-22.1404692359999,"Rugby Run Solar Farm","Renewable",65,NA
148.439000838,-23.087472862,"Lilydale Solar Farm","Renewable",100,NA
147.585523414,-22.844643931,"Clermont Solar Farm","Renewable",100,NA
148.134714826,-23.5083648029999,"Emerald Solar Farm","Renewable",68,NA
139.492437601,-35.270796138,"Tailem Bend Solar Farm","Renewable",95,NA
137.557191851,-32.564507534,"Lincoln Gap","Renewable",10,NA
145.474552015,-36.159248458,"Numurkah Solar Farm","Renewable",100,NA
143.1537151,-37.12155984,"Crowlands Wind Farm","Renewable",80,NA
141.747382959,-36.3965831849999,"Kiata Wind Farm","Renewable",31.05,NA
147.748062967,-20.4948827499999,"Whitsunday Solar Farm","Renewable",69,NA
147.767079619,-20.504819379,"Hamilton Solar Farm","Renewable",69,NA
146.888496595,-19.3354561109999,"Sun Metals Solar Farm","Renewable",124,NA
139.480343394,-20.743688536,"Xstata X41","Non Renewable",30,14
